{
	"format_version": "1.8.0",
	"animations": {
		"summon": {
			"animation_length": 2,
			"bones": {
				"root": {
					"rotation": {
						"0.0": {
							"vector": [87.5, 0, 0]
						},
						"0.2917": {
							"vector": [87.5, 0, 0]
						},
						"0.4583": {
							"vector": [32.5, 0, 0]
						},
						"0.5833": {
							"vector": [-35, 0, 0]
						},
						"0.7083": {
							"vector": [-97.5, 0, 0]
						},
						"0.8333": {
							"vector": [-130, 0, 0]
						},
						"0.9167": {
							"vector": [-167.5, 0, 0]
						},
						"1.0833": {
							"vector": [-380, 0, 0]
						},
						"1.25": {
							"vector": [-355, 0, 0]
						}
					},
					"position": {
						"0.0": {
							"vector": [0, 70, 275]
						},
						"0.3333": {
							"vector": [0, -11, -35]
						},
						"0.4583": {
							"vector": [0, 31, -56]
						},
						"0.5833": {
							"vector": [0, 63, -32]
						},
						"0.7083": {
							"vector": [0, 79, -4]
						},
						"0.8333": {
							"vector": [0, 33, 41]
						},
						"0.9167": {
							"vector": [0, -1, 41]
						},
						"1.0833": {
							"vector": [0, 3, -4]
						}
					}
				},
				"head": {
					"rotation": {
						"0.0": {
							"vector": [-65, 0, 0]
						},
						"0.9167": {
							"vector": [-67.5, 0, 0]
						},
						"1.0833": {
							"vector": [-2.5, 0, 0]
						}
					}
				},
				"arm0": {
					"rotation": {
						"0.0": {
							"vector": [0, 0, -17.5]
						},
						"0.9583": {
							"vector": [0, 0, -17.5]
						},
						"1.0833": {
							"vector": [-42.5, 0, 5]
						},
						"1.25": {
							"vector": [-37.69778, -21.2842, -20.15933]
						}
					}
				},
				"arm1": {
					"rotation": {
						"0.0": {
							"vector": [0, 0, 20]
						},
						"0.9583": {
							"vector": [0, 0, 20]
						},
						"1.0833": {
							"vector": [-37.5, 0, 0]
						},
						"1.25": {
							"vector": [-40.90469, 22.52101, 20.36057]
						}
					}
				},
				"sword": {
					"rotation": {
						"0.0": {
							"vector": [92.5, 0, 0]
						},
						"0.9583": {
							"vector": [92.5, 0, 0]
						},
						"1.0833": {
							"vector": [2.5, 0, 0]
						},
						"1.25": {
							"vector": [2.16541, -1.2497, 29.97638]
						}
					}
				}
			}
		},
		"atk1": {
			"animation_length": 2.5,
			"bones": {
				"root": {
					"rotation": {
						"0.0": {
							"vector": [0, 0, 0]
						},
						"1.0": {
							"vector": [-12.5, 0, 0]
						},
						"2.0417": {
							"vector": [-15, 0, 0]
						},
						"2.25": {
							"vector": [12.5, 0, 0]
						}
					}
				},
				"arm0": {
					"rotation": {
						"0.0": {
							"vector": [0, 0, 0]
						},
						"0.9167": {
							"vector": [-162.5, 0, 0]
						},
						"2.0417": {
							"vector": [-162.5, 0, 0]
						},
						"2.125": {
							"vector": [13.75, 0, 0]
						},
						"2.2083": {
							"vector": [65, 0, 0]
						}
					}
				},
				"under": {
					"rotation": {
						"0.0": {
							"vector": [0, 0, 0]
						},
						"0.9167": {
							"vector": [-60, 0, 0]
						},
						"2.0417": {
							"vector": [-60, 0, 0]
						},
						"2.1667": {
							"vector": [-20, 0, 0]
						},
						"2.25": {
							"vector": [12.5, 0, 0]
						}
					}
				},
				"sword": {
					"rotation": {
						"0.0": {
							"vector": [0, 0, 0]
						},
						"2.125": {
							"vector": [0, 0, 0]
						},
						"2.2917": {
							"vector": [55, 0, 0]
						}
					}
				},
				"body_upper": {
					"rotation": {
						"0.0": {
							"vector": [0, 0, 0]
						},
						"2.0417": {
							"vector": [0, 0, 0]
						},
						"2.25": {
							"vector": [12.5, 0, 0]
						}
					}
				},
				"body_under": {
					"rotation": {
						"0.0": {
							"vector": [25, 0, 0]
						},
						"2.0417": {
							"vector": [25, 0, 0]
						}
					}
				},
				"body_middle": {
					"rotation": {
						"0.0": {
							"vector": [37.5, 0, 0]
						},
						"1.0": {
							"vector": [45, 0, 0]
						},
						"2.0417": {
							"vector": [45, 0, 0]
						},
						"2.25": {
							"vector": [57.5, 0, 0]
						}
					}
				}
			}
		},
		"atk2": {
			"animation_length": 0.375,
			"bones": {
				"root": {
					"rotation": {
						"0.0": {
							"vector": [0, 0, 0]
						},
						"0.2083": {
							"vector": [-22.5, 0, 0]
						}
					}
				},
				"body_middle": {
					"rotation": {
						"0.0": {
							"vector": [22.5, 0, 0]
						},
						"0.2083": {
							"vector": [-25, 0, 0]
						}
					}
				},
				"body_under": {
					"rotation": {
						"0.0": {
							"vector": [25, 0, 0]
						},
						"0.2083": {
							"vector": [-15, 0, 0]
						}
					}
				},
				"head": {
					"rotation": {
						"0.0": {
							"vector": [0, 0, 0]
						},
						"0.2083": {
							"vector": [20, 0, 0]
						}
					}
				},
				"arm0": {
					"rotation": {
						"0.0": {
							"vector": [45, 0, 0]
						},
						"0.1667": {
							"vector": [-125, 0, 0]
						}
					}
				},
				"under": {
					"rotation": {
						"0.0": {
							"vector": [35, 0, 0]
						},
						"0.1667": {
							"vector": [-35, 0, 0]
						}
					}
				},
				"sword": {
					"rotation": {
						"0.0": {
							"vector": [77.5, 0, 0]
						},
						"0.1667": {
							"vector": [15, 0, 0]
						}
					}
				}
			}
		},
		"atk3": {
			"animation_length": 2.5,
			"bones": {
				"root": {
					"rotation": {
						"0.0": {
							"vector": [0, 0, 0]
						},
						"0.1667": {
							"vector": [20, 0, 0]
						},
						"0.375": {
							"vector": [-27.5, 0, 0]
						},
						"1.25": {
							"vector": [-30, 0, 0]
						},
						"1.4167": {
							"vector": [5, 0, 0]
						}
					},
					"position": {
						"vector": [0, -4, 0]
					}
				},
				"body_middle": {
					"rotation": {
						"vector": [35, 0, 0]
					}
				},
				"body_under": {
					"rotation": {
						"vector": [50, 0, 0]
					}
				},
				"head": {
					"rotation": {
						"0.0": {
							"vector": [0, 0, 0]
						},
						"0.4583": {
							"vector": [27.5, 0, 0]
						}
					}
				},
				"arm0": {
					"rotation": {
						"0.0": {
							"vector": [-127.5, 0, 0]
						},
						"0.1667": {
							"vector": [-67.5, 0, 0]
						},
						"0.375": {
							"vector": [-162.5, 0, 0]
						},
						"1.25": {
							"vector": [-162.5, 0, 0]
						},
						"1.375": {
							"vector": [-62.5, 0, 0]
						}
					}
				},
				"under": {
					"rotation": {
						"vector": [-35, 0, 0]
					}
				},
				"sword": {
					"rotation": {
						"vector": [180, 0, 0]
					}
				}
			}
		},
		"laser": {
			"animation_length": 1.2917,
			"bones": {
				"root": {
					"position": {
						"0.0": {
							"vector": [0, 0, 0]
						},
						"1.0": {
							"vector": [0, 15, 0]
						}
					}
				},
				"body_middle": {
					"rotation": {
						"0.0": {
							"vector": [0, 0, 0]
						},
						"1.0": {
							"vector": [17.5, 0, 0]
						}
					}
				},
				"body_under": {
					"rotation": {
						"0.0": {
							"vector": [0, 0, 0]
						},
						"1.0": {
							"vector": [32.5, 0, 0]
						}
					}
				},
				"head": {
					"rotation": {
						"0.0": {
							"vector": [0, 0, 0]
						},
						"1.0": {
							"vector": [7.5, 0, 0]
						}
					}
				},
				"arm0": {
					"rotation": {
						"0.0": {
							"vector": [0, 0, 0]
						},
						"1.0": {
							"vector": [0, 0, 77.5]
						},
						"1.2917": {
							"vector": [-120, 0, 77.5]
						}
					}
				},
				"sword": {
					"rotation": {
						"vector": [175, 0, 0]
					}
				},
				"arm1": {
					"rotation": {
						"0.0": {
							"vector": [0, 0, 0]
						},
						"1.0": {
							"vector": [0, 0, -75]
						},
						"1.2917": {
							"vector": [-121.60179, -11.31335, -108.34411]
						}
					}
				}
			}
		},
		"atk4": {
			"animation_length": 0.2917,
			"bones": {
				"root": {
					"rotation": {
						"0.0": {
							"vector": [0, -25, 0]
						},
						"0.1667": {
							"vector": [0, 27.5, 0]
						}
					}
				},
				"body_middle": {
					"rotation": {
						"vector": [20, 0, 0]
					}
				},